name,url
Clay Buchholz,https://baseballsavant.mlb.com/savant-player/clay-buchholz-453329?stats=statcast-r-pitching-mlb
Clay Holmes,https://baseballsavant.mlb.com/savant-player/clay-holmes-605280?stats=statcast-r-pitching-mlb
Clayton Blackburn,https://baseballsavant.mlb.com/savant-player/clayton-blackburn-607185?stats=career-r-pitching-milb
Clayton Kershaw,https://baseballsavant.mlb.com/savant-player/clayton-kershaw-477132?stats=statcast-r-pitching-mlb
Clayton Richard,https://baseballsavant.mlb.com/savant-player/clayton-richard-453385?stats=statcast-r-pitching-mlb
Cliff Lee,https://baseballsavant.mlb.com/savant-player/cliff-lee-424324?stats=career-r-pitching-mlb
Codi Heuer,https://baseballsavant.mlb.com/savant-player/codi-heuer-676051?stats=statcast-r-pitching-mlb
Cody Allen,https://baseballsavant.mlb.com/savant-player/cody-allen-592102?stats=statcast-r-pitching-mlb
Cody Anderson,https://baseballsavant.mlb.com/savant-player/cody-anderson-594736?stats=statcast-r-pitching-mlb
Cody Eppley,https://baseballsavant.mlb.com/savant-player/cody-eppley-543136?stats=career-r-pitching-mlb
Cody Martin,https://baseballsavant.mlb.com/savant-player/cody-martin-592533?stats=statcast-r-pitching-mlb
Cody Morris,https://baseballsavant.mlb.com/savant-player/cody-morris-663752?stats=statcast-r-pitching-mlb
Cody Ponce,https://baseballsavant.mlb.com/savant-player/cody-ponce-664074?stats=statcast-r-pitching-mlb
Cody Stashak,https://baseballsavant.mlb.com/savant-player/cody-stashak-664054?stats=statcast-r-pitching-mlb
Colby Lewis,https://baseballsavant.mlb.com/savant-player/colby-lewis-407890?stats=statcast-r-pitching-mlb
Cole Ragans,https://baseballsavant.mlb.com/savant-player/cole-ragans-666142?stats=statcast-r-pitching-mlb
Cole Sulser,https://baseballsavant.mlb.com/savant-player/cole-sulser-642121?stats=statcast-r-pitching-mlb
Colin Holderman,https://baseballsavant.mlb.com/savant-player/colin-holderman-670059?stats=statcast-r-pitching-mlb
Colin Poche,https://baseballsavant.mlb.com/savant-player/colin-poche-621363?stats=statcast-r-pitching-mlb
Colin Rea,https://baseballsavant.mlb.com/savant-player/colin-rea-607067?stats=statcast-r-pitching-mlb
Collin McHugh,https://baseballsavant.mlb.com/savant-player/collin-mchugh-543521?stats=statcast-r-pitching-mlb
Colt Hynes,https://baseballsavant.mlb.com/savant-player/colt-hynes-518833?stats=statcast-r-pitching-mlb
Conner Greene,https://baseballsavant.mlb.com/savant-player/conner-greene-641632?stats=statcast-r-pitching-mlb
Conner Menez,https://baseballsavant.mlb.com/savant-player/conner-menez-669214?stats=statcast-r-pitching-mlb
Connor Brogdon,https://baseballsavant.mlb.com/savant-player/connor-brogdon-641401?stats=statcast-r-pitching-mlb
Connor Overton,https://baseballsavant.mlb.com/savant-player/connor-overton-656818?stats=statcast-r-pitching-mlb
Cooper Criswell,https://baseballsavant.mlb.com/savant-player/cooper-criswell-681867?stats=statcast-r-pitching-mlb
Corbin Burnes,https://baseballsavant.mlb.com/savant-player/corbin-burnes-669203?stats=statcast-r-pitching-mlb
Corbin Martin,https://baseballsavant.mlb.com/savant-player/corbin-martin-656686?stats=statcast-r-pitching-mlb
Corey Black,https://baseballsavant.mlb.com/savant-player/corey-black-621203?stats=career-r-pitching-milb
Corey Kluber,https://baseballsavant.mlb.com/savant-player/corey-kluber-446372?stats=statcast-r-pitching-mlb
Corey Knebel,https://baseballsavant.mlb.com/savant-player/corey-knebel-608349?stats=statcast-r-pitching-mlb
Corey Oswalt,https://baseballsavant.mlb.com/savant-player/corey-oswalt-621261?stats=statcast-r-pitching-mlb
Cory Luebke,https://baseballsavant.mlb.com/savant-player/cory-luebke-458537?stats=statcast-r-pitching-mlb
Craig Kimbrel,https://baseballsavant.mlb.com/savant-player/craig-kimbrel-518886?stats=statcast-r-pitching-mlb
Curt Schilling,https://baseballsavant.mlb.com/savant-player/curt-schilling-121811?stats=career-r-pitching-mlb
Cy Sneed,https://baseballsavant.mlb.com/savant-player/cy-sneed-605482?stats=statcast-r-pitching-mlb
Dakody Clemmer,https://baseballsavant.mlb.com/savant-player/dakody-clemmer-669734?stats=career-r-pitching-milb
Dallas Beeler,https://baseballsavant.mlb.com/savant-player/dallas-beeler-542923?stats=statcast-r-pitching-mlb
Dallas Keuchel,https://baseballsavant.mlb.com/savant-player/dallas-keuchel-572971?stats=statcast-r-pitching-mlb
Damien Magnifico,https://baseballsavant.mlb.com/savant-player/damien-magnifico-571911?stats=statcast-r-pitching-mlb
Dan Haren,https://baseballsavant.mlb.com/savant-player/dan-haren-429717?stats=statcast-r-pitching-mlb
Dan Jennings,https://baseballsavant.mlb.com/savant-player/dan-jennings-543359?stats=statcast-r-pitching-mlb
Dan Otero,https://baseballsavant.mlb.com/savant-player/dan-otero-519096?stats=statcast-r-pitching-mlb
Dane Dunning,https://baseballsavant.mlb.com/savant-player/dane-dunning-641540?stats=statcast-r-pitching-mlb
Daniel Bard,https://baseballsavant.mlb.com/savant-player/daniel-bard-453268?stats=statcast-r-pitching-mlb
Daniel Coulombe,https://baseballsavant.mlb.com/savant-player/danny-coulombe-543056?stats=statcast-r-pitching-mlb
Daniel Hudson,https://baseballsavant.mlb.com/savant-player/daniel-hudson-543339?stats=statcast-r-pitching-mlb
Daniel Lynch,https://baseballsavant.mlb.com/savant-player/daniel-lynch-663738?stats=statcast-r-pitching-mlb
Daniel Norris,https://baseballsavant.mlb.com/savant-player/daniel-norris-596057?stats=statcast-r-pitching-mlb
Daniel Schlereth,https://baseballsavant.mlb.com/savant-player/daniel-schlereth-519259?stats=career-r-pitching-mlb
Daniel Stumpf,https://baseballsavant.mlb.com/savant-player/daniel-stumpf-621385?stats=statcast-r-pitching-mlb
Daniel Webb,https://baseballsavant.mlb.com/savant-player/daniel-webb-543900?stats=statcast-r-pitching-mlb
Daniel Winkler,https://baseballsavant.mlb.com/savant-player/dan-winkler-595465?stats=statcast-r-pitching-mlb
Danny Barnes,https://baseballsavant.mlb.com/savant-player/danny-barnes-592130?stats=statcast-r-pitching-mlb
Danny Burawa,https://baseballsavant.mlb.com/savant-player/danny-burawa-592181?stats=statcast-r-pitching-mlb
Danny Farquhar,https://baseballsavant.mlb.com/savant-player/danny-farquhar-543144?stats=statcast-r-pitching-mlb
Danny Hultzen,https://baseballsavant.mlb.com/savant-player/danny-hultzen-543343?stats=statcast-r-pitching-mlb
Danny Young,https://baseballsavant.mlb.com/savant-player/danny-young-664849?stats=statcast-r-pitching-mlb
Darren Dreifort,https://baseballsavant.mlb.com/savant-player/darren-dreifort-113554?stats=career-r-pitching-mlb
Darren Oliver,https://baseballsavant.mlb.com/savant-player/darren-oliver-119984?stats=career-r-pitching-mlb
David Aardsma,https://baseballsavant.mlb.com/savant-player/david-aardsma-430911?stats=statcast-r-pitching-mlb
David Bednar,https://baseballsavant.mlb.com/savant-player/david-bednar-670280?stats=statcast-r-pitching-mlb
David Buchanan,https://baseballsavant.mlb.com/savant-player/david-buchanan-571527?stats=statcast-r-pitching-mlb
David Hale,https://baseballsavant.mlb.com/savant-player/david-hale-571735?stats=statcast-r-pitching-mlb
David Herndon,https://baseballsavant.mlb.com/savant-player/david-herndon-458589?stats=career-r-pitching-mlb
David Hess,https://baseballsavant.mlb.com/savant-player/david-hess-605276?stats=statcast-r-pitching-mlb
David Holmberg,https://baseballsavant.mlb.com/savant-player/david-holmberg-571787?stats=statcast-r-pitching-mlb
David Huff,https://baseballsavant.mlb.com/savant-player/david-huff-453307?stats=statcast-r-pitching-mlb
David McKay,https://baseballsavant.mlb.com/savant-player/david-mckay-641853?stats=statcast-r-pitching-mlb
David Pauley,https://baseballsavant.mlb.com/savant-player/david-pauley-456102?stats=career-r-pitching-mlb
David Peterson,https://baseballsavant.mlb.com/savant-player/david-peterson-656849?stats=statcast-r-pitching-mlb
David Phelps,https://baseballsavant.mlb.com/savant-player/david-phelps-475479?stats=statcast-r-pitching-mlb
David Price,https://baseballsavant.mlb.com/savant-player/david-price-456034?stats=statcast-r-pitching-mlb
David Robertson,https://baseballsavant.mlb.com/savant-player/david-robertson-502085?stats=statcast-r-pitching-mlb
Davis Daniel,https://baseballsavant.mlb.com/savant-player/davis-daniel-669721?stats=career-r-pitching-milb
Dean Deetz,https://baseballsavant.mlb.com/savant-player/dean-deetz-657209?stats=statcast-r-pitching-mlb
Dean Kremer,https://baseballsavant.mlb.com/savant-player/dean-kremer-665152?stats=statcast-r-pitching-mlb
Deck McGuire,https://baseballsavant.mlb.com/savant-player/deck-mcguire-592547?stats=statcast-r-pitching-mlb
Dellin Betances,https://baseballsavant.mlb.com/savant-player/dellin-betances-476454?stats=statcast-r-pitching-mlb
Derek Law,https://baseballsavant.mlb.com/savant-player/derek-law-571882?stats=statcast-r-pitching-mlb
Derek Lowe,https://baseballsavant.mlb.com/savant-player/derek-lowe-117955?stats=career-r-pitching-mlb
Devin Smeltzer,https://baseballsavant.mlb.com/savant-player/devin-smeltzer-656970?stats=statcast-r-pitching-mlb
Devin Williams,https://baseballsavant.mlb.com/savant-player/devin-williams-642207?stats=statcast-r-pitching-mlb
Dillon Gee,https://baseballsavant.mlb.com/savant-player/dillon-gee-518716?stats=statcast-r-pitching-mlb
Dillon Maples,https://baseballsavant.mlb.com/savant-player/dillon-maples-596027?stats=statcast-r-pitching-mlb
Dillon Peters,https://baseballsavant.mlb.com/savant-player/dillon-peters-596071?stats=statcast-r-pitching-mlb
Dillon Tate,https://baseballsavant.mlb.com/savant-player/dillon-tate-622253?stats=statcast-r-pitching-mlb
Dominic Taccolini,https://baseballsavant.mlb.com/savant-player/dominic-taccolini-624521?stats=career-r-pitching-milb
Donnie Hart,https://baseballsavant.mlb.com/savant-player/donnie-hart-643354?stats=statcast-r-pitching-mlb
Doug Brocail,https://baseballsavant.mlb.com/savant-player/doug-brocail-111492?stats=career-r-pitching-mlb
Doug Fister,https://baseballsavant.mlb.com/savant-player/doug-fister-450729?stats=statcast-r-pitching-mlb
Drake Britton,https://baseballsavant.mlb.com/savant-player/drake-britton-518493?stats=career-r-pitching-mlb
Drew Anderson,https://baseballsavant.mlb.com/savant-player/drew-anderson-623454?stats=statcast-r-pitching-mlb
Drew Gagnon,https://baseballsavant.mlb.com/savant-player/drew-gagnon-543193?stats=statcast-r-pitching-mlb
Drew Pomeranz,https://baseballsavant.mlb.com/savant-player/drew-pomeranz-519141?stats=statcast-r-pitching-mlb
Drew Rasmussen,https://baseballsavant.mlb.com/savant-player/drew-rasmussen-656876?stats=statcast-r-pitching-mlb
Drew Smith,https://baseballsavant.mlb.com/savant-player/drew-smith-622098?stats=statcast-r-pitching-mlb
Drew Smyly,https://baseballsavant.mlb.com/savant-player/drew-smyly-592767?stats=statcast-r-pitching-mlb
Drew Storen,https://baseballsavant.mlb.com/savant-player/drew-storen-519322?stats=statcast-r-pitching-mlb
