name,url
A.J. Achter,https://baseballsavant.mlb.com/savant-player/a-j-achter-592091?stats=statcast-r-pitching-mlb
A.J. Burnett,https://baseballsavant.mlb.com/savant-player/a-j-burnett-150359?stats=statcast-r-pitching-mlb
A.J. Cole,https://baseballsavant.mlb.com/savant-player/a-j-cole-595918?stats=statcast-r-pitching-mlb
A.J. Griffin,https://baseballsavant.mlb.com/savant-player/a-j-griffin-456167?stats=statcast-r-pitching-mlb
A.J. Minter,https://baseballsavant.mlb.com/savant-player/a-j-minter-621345?stats=statcast-r-pitching-mlb
A.J. Puk,https://baseballsavant.mlb.com/savant-player/a-j-puk-640462?stats=statcast-r-pitching-mlb
A.J. Ramos,https://baseballsavant.mlb.com/savant-player/aj-ramos-573109?stats=statcast-r-pitching-mlb
Aaron Ashby,https://baseballsavant.mlb.com/savant-player/aaron-ashby-676879?stats=statcast-r-pitching-mlb
Aaron Barrett,https://baseballsavant.mlb.com/savant-player/aaron-barrett-502578?stats=statcast-r-pitching-mlb
Aaron Bummer,https://baseballsavant.mlb.com/savant-player/aaron-bummer-607481?stats=statcast-r-pitching-mlb
Aaron Civale,https://baseballsavant.mlb.com/savant-player/aaron-civale-650644?stats=statcast-r-pitching-mlb
Aaron Laffey,https://baseballsavant.mlb.com/savant-player/aaron-laffey-444836?stats=statcast-r-pitching-mlb
Aaron Loup,https://baseballsavant.mlb.com/savant-player/aaron-loup-571901?stats=statcast-r-pitching-mlb
Aaron Nola,https://baseballsavant.mlb.com/savant-player/aaron-nola-605400?stats=statcast-r-pitching-mlb
Aaron Slegers,https://baseballsavant.mlb.com/savant-player/aaron-slegers-642083?stats=statcast-r-pitching-mlb
Aaron Thompson,https://baseballsavant.mlb.com/savant-player/aaron-thompson-457744?stats=statcast-r-pitching-mlb
Adam Cimber,https://baseballsavant.mlb.com/savant-player/adam-cimber-643256?stats=statcast-r-pitching-mlb
Adam Conley,https://baseballsavant.mlb.com/savant-player/adam-conley-543045?stats=statcast-r-pitching-mlb
Adam Liberatore,https://baseballsavant.mlb.com/savant-player/adam-liberatore-571893?stats=statcast-r-pitching-mlb
Adam Morgan,https://baseballsavant.mlb.com/savant-player/adam-morgan-605388?stats=statcast-r-pitching-mlb
Adam Oller,https://baseballsavant.mlb.com/savant-player/adam-oller-670124?stats=statcast-r-pitching-mlb
Adam Ottavino,https://baseballsavant.mlb.com/savant-player/adam-ottavino-493603?stats=statcast-r-pitching-mlb
Adam Plutko,https://baseballsavant.mlb.com/savant-player/adam-plutko-592644?stats=statcast-r-pitching-mlb
Adam Wainwright,https://baseballsavant.mlb.com/savant-player/adam-wainwright-425794?stats=statcast-r-pitching-mlb
Adam Warren,https://baseballsavant.mlb.com/savant-player/adam-warren-476589?stats=statcast-r-pitching-mlb
Addison Reed,https://baseballsavant.mlb.com/savant-player/addison-reed-592665?stats=statcast-r-pitching-mlb
Adrian Houser,https://baseballsavant.mlb.com/savant-player/adrian-houser-605288?stats=statcast-r-pitching-mlb
Al Leiter,https://baseballsavant.mlb.com/savant-player/al-leiter-117652?stats=career-r-pitching-mlb
Alec Asher,https://baseballsavant.mlb.com/savant-player/alec-asher-594742?stats=statcast-r-pitching-mlb
Alec Bettinger,https://baseballsavant.mlb.com/savant-player/alec-bettinger-676424?stats=statcast-r-pitching-mlb
Alec Hansen,https://baseballsavant.mlb.com/savant-player/alec-hansen-641662?stats=career-r-pitching-milb
Alek Manoah,https://baseballsavant.mlb.com/savant-player/alek-manoah-666201?stats=statcast-r-pitching-mlb
Alex Cobb,https://baseballsavant.mlb.com/savant-player/alex-cobb-502171?stats=statcast-r-pitching-mlb
Alex Lange,https://baseballsavant.mlb.com/savant-player/alex-lange-656638?stats=statcast-r-pitching-mlb
Alex McRae,https://baseballsavant.mlb.com/savant-player/alex-mcrae-656725?stats=statcast-r-pitching-mlb
Alex Meyer,https://baseballsavant.mlb.com/savant-player/alex-meyer-543542?stats=statcast-r-pitching-mlb
Alex Vesia,https://baseballsavant.mlb.com/savant-player/alex-vesia-681911?stats=statcast-r-pitching-mlb
Alex White,https://baseballsavant.mlb.com/savant-player/alex-white-502229?stats=career-r-pitching-mlb
Alex Wilson,https://baseballsavant.mlb.com/savant-player/alex-wilson-543935?stats=statcast-r-pitching-mlb
Alex Wood,https://baseballsavant.mlb.com/savant-player/alex-wood-622072?stats=statcast-r-pitching-mlb
Alex Young,https://baseballsavant.mlb.com/savant-player/alex-young-622065?stats=statcast-r-pitching-mlb
Alexis Diaz,https://baseballsavant.mlb.com/savant-player/alexis-diaz-664747?stats=statcast-r-pitching-mlb
Allen Webster,https://baseballsavant.mlb.com/savant-player/allen-webster-543903?stats=statcast-r-pitching-mlb
Amir Garrett,https://baseballsavant.mlb.com/savant-player/amir-garrett-607237?stats=statcast-r-pitching-mlb
Andrew Bailey,https://baseballsavant.mlb.com/savant-player/andrew-bailey-457732?stats=statcast-r-pitching-mlb
Andrew Bellatti,https://baseballsavant.mlb.com/savant-player/andrew-bellatti-571479?stats=statcast-r-pitching-mlb
Andrew Cashner,https://baseballsavant.mlb.com/savant-player/andrew-cashner-488768?stats=statcast-r-pitching-mlb
Andrew Chafin,https://baseballsavant.mlb.com/savant-player/andrew-chafin-605177?stats=statcast-r-pitching-mlb
Andrew Dean,https://baseballsavant.mlb.com/savant-player/andrew-dean-690495?stats=career-r-pitching-milb
Andrew Heaney,https://baseballsavant.mlb.com/savant-player/andrew-heaney-571760?stats=statcast-r-pitching-mlb
Andrew Kittredge,https://baseballsavant.mlb.com/savant-player/andrew-kittredge-552640?stats=statcast-r-pitching-mlb
Andrew Miller,https://baseballsavant.mlb.com/savant-player/andrew-miller-453192?stats=statcast-r-pitching-mlb
Andrew Moore,https://baseballsavant.mlb.com/savant-player/andrew-moore-621058?stats=statcast-r-pitching-mlb
Andrew Nardi,https://baseballsavant.mlb.com/savant-player/andrew-nardi-677053?stats=statcast-r-pitching-mlb
Andrew Triggs,https://baseballsavant.mlb.com/savant-player/andrew-triggs-592811?stats=statcast-r-pitching-mlb
Andrew Vasquez,https://baseballsavant.mlb.com/savant-player/andrew-vasquez-607755?stats=statcast-r-pitching-mlb
Andrew Wantz,https://baseballsavant.mlb.com/savant-player/andrew-wantz-681806?stats=statcast-r-pitching-mlb
Andy Pettitte,https://baseballsavant.mlb.com/savant-player/andy-pettitte-120485?stats=career-r-pitching-mlb
Andy Toelken,https://baseballsavant.mlb.com/savant-player/andy-toelken-674632?stats=career-r-pitching-milb
Anthony Banda,https://baseballsavant.mlb.com/savant-player/anthony-banda-607455?stats=statcast-r-pitching-mlb
Anthony Bass,https://baseballsavant.mlb.com/savant-player/anthony-bass-542914?stats=statcast-r-pitching-mlb
Anthony Bender,https://baseballsavant.mlb.com/savant-player/anthony-bender-669622?stats=statcast-r-pitching-mlb
Anthony DeSclafani,https://baseballsavant.mlb.com/savant-player/anthony-desclafani-543101?stats=statcast-r-pitching-mlb
Anthony Gonsolin,https://baseballsavant.mlb.com/savant-player/tony-gonsolin-664062?stats=statcast-r-pitching-mlb
Anthony Ranaudo,https://baseballsavant.mlb.com/savant-player/anthony-ranaudo-519168?stats=statcast-r-pitching-mlb
Anthony Varvaro,https://baseballsavant.mlb.com/savant-player/anthony-varvaro-460008?stats=statcast-r-pitching-mlb
Artie Lewicki,https://baseballsavant.mlb.com/savant-player/artie-lewicki-592499?stats=statcast-r-pitching-mlb
Asher Wojciechowski,https://baseballsavant.mlb.com/savant-player/asher-wojciechowski-592879?stats=statcast-r-pitching-mlb
Austen Williams,https://baseballsavant.mlb.com/savant-player/austen-williams-657117?stats=statcast-r-pitching-mlb
Austin Adams,https://baseballsavant.mlb.com/savant-player/austin-adams-613534?stats=statcast-r-pitching-mlb
Austin Bibens-Dirkx,https://baseballsavant.mlb.com/savant-player/austin-bibens-dirkx-502212?stats=statcast-r-pitching-mlb
Austin Gomber,https://baseballsavant.mlb.com/savant-player/austin-gomber-596295?stats=statcast-r-pitching-mlb
Austin Ross,https://baseballsavant.mlb.com/savant-player/austin-ross-682201?stats=career-r-pitching-milb
Austin Voth,https://baseballsavant.mlb.com/savant-player/austin-voth-608723?stats=statcast-r-pitching-mlb
Bailey Falter,https://baseballsavant.mlb.com/savant-player/bailey-falter-663559?stats=statcast-r-pitching-mlb
Beau Brieske,https://baseballsavant.mlb.com/savant-player/beau-brieske-689225?stats=statcast-r-pitching-mlb
Ben Krauth,https://baseballsavant.mlb.com/savant-player/ben-krauth-670078?stats=career-r-pitching-milb
Ben Meyer,https://baseballsavant.mlb.com/savant-player/ben-meyer-656738?stats=statcast-r-pitching-mlb
Ben Rowen,https://baseballsavant.mlb.com/savant-player/ben-rowen-594985?stats=statcast-r-pitching-mlb
Ben Taylor,https://baseballsavant.mlb.com/savant-player/ben-taylor-664701?stats=statcast-r-pitching-mlb
Bernardo Flores,https://baseballsavant.mlb.com/savant-player/bernardo-flores-jr-641576?stats=statcast-r-pitching-mlb
Blaine Boyer,https://baseballsavant.mlb.com/savant-player/blaine-boyer-430641?stats=statcast-r-pitching-mlb
Blaine Knight,https://baseballsavant.mlb.com/savant-player/blaine-knight-667421?stats=career-r-pitching-milb
Blake Parker,https://baseballsavant.mlb.com/savant-player/blake-parker-453284?stats=statcast-r-pitching-mlb
Blake Snell,https://baseballsavant.mlb.com/savant-player/blake-snell-605483?stats=statcast-r-pitching-mlb
Blake Treinen,https://baseballsavant.mlb.com/savant-player/blake-treinen-595014?stats=statcast-r-pitching-mlb
Blake Wood,https://baseballsavant.mlb.com/savant-player/blake-wood-502028?stats=statcast-r-pitching-mlb
Bobby LaFromboise,https://baseballsavant.mlb.com/savant-player/bobby-lafromboise-489039?stats=statcast-r-pitching-mlb
Bobby Poyner,https://baseballsavant.mlb.com/savant-player/bobby-poyner-596074?stats=statcast-r-pitching-mlb
Bobby Wahl,https://baseballsavant.mlb.com/savant-player/bobby-wahl-592833?stats=statcast-r-pitching-mlb
Boone Logan,https://baseballsavant.mlb.com/savant-player/boone-logan-457429?stats=statcast-r-pitching-mlb
Boyd Vander Kooi,https://baseballsavant.mlb.com/savant-player/boyd-vander-kooi-676457?stats=career-r-pitching-milb
Brad Bass,https://baseballsavant.mlb.com/savant-player/brad-bass-656213?stats=career-r-pitching-milb
Brad Boxberger,https://baseballsavant.mlb.com/savant-player/brad-boxberger-502202?stats=statcast-r-pitching-mlb
Brad Goldberg,https://baseballsavant.mlb.com/savant-player/brad-goldberg-643329?stats=statcast-r-pitching-mlb
Brad Hand,https://baseballsavant.mlb.com/savant-player/brad-hand-543272?stats=statcast-r-pitching-mlb
Brad Keller,https://baseballsavant.mlb.com/savant-player/brad-keller-641745?stats=statcast-r-pitching-mlb
Brad Lidge,https://baseballsavant.mlb.com/savant-player/brad-lidge-400058?stats=career-r-pitching-mlb
Brad Ziegler,https://baseballsavant.mlb.com/savant-player/brad-ziegler-446899?stats=statcast-r-pitching-mlb
Braden Looper,https://baseballsavant.mlb.com/savant-player/braden-looper-131702?stats=career-r-pitching-mlb
